Employee_Name,EmpID,MarriedID,MaritalStatusID,GenderID,EmpStatusID,DeptID,PerfScoreID,FromDiversityJobFairID,PayRate,Termd,PositionID,State,Zip,DOB,CitizenDesc,HispanicLatino,RaceDesc,DateofHire,DateofTermination,TermReason,ManagerID,RecruitmentSource,EngagementSurvey,EmpSatisfaction,SpecialProjectsCount,LastPerformanceReview_Date,DaysLateLast30
"Brown, Mia",1103024456,1,1,1,1,1,3,1,28.5,,1,MA,1450,11/24/87,US Citizen,No,Black or African American,10/27/2008,,N/A - still employed,1,Diversity Job Fair,2.04,2,6,1/15/2019,0
"LaRotonda, William  ",1106026572,0,2,2,1,1,3,0,23,,1,MA,1460,04/26/84,US Citizen,No,Black or African American,01-06-14,,N/A - still employed,1,Website Banner Ads,5,4,4,1/17/2019,0
"Steans, Tyrone  ",1302053333,0,3,2,1,1,3,0,29,,1,MA,2703,09-01-86,US Citizen,No,White,9/29/2014,,N/A - still employed,1,Internet Search,3.9,5,5,1/18/2019,0
"Howard, Estelle",1211050782,1,1,1,2,1,3,0,21.5,,2,MA,2170,09/16/85,US Citizen,No,White,2/16/2015,04/15/15,,1,Pay Per Click - Google,3.24,3,4,,
"Singh, Nan ",1307059817,0,3,1,1,1,3,0,16.56,,2,MA,2330,05/19/88,US Citizen,No,White,05-01-15,,N/A - still employed,1,Website Banner Ads,5,3,5,1/15/2019,0
"Smith, Leigh Ann",711007713,1,1,1,6,1,3,1,20.5,,2,MA,1844,06/14/87,US Citizen,No,Asian,9/26/2011,09/25/13,career change,1,Diversity Job Fair,3.8,4,4,,
"Bunbury, Jessica",1504073368,1,1,1,6,6,3,0,55,,3,VA,21851,06-01-64,Eligible NonCitizen,No,Black or African American,8/15/2011,08-02-14,Another position,17,Social Networks - Facebook Twitter etc,3.14,5,0,,
"Carter, Michelle ",1403065721,0,3,1,1,6,3,0,55,,3,VT,5664,05/15/63,US Citizen,No,White,8/18/2014,,N/A - still employed,17,Billboard,5,5,0,1/21/2019,0
"Dietrich, Jenna  ",1408069481,0,3,1,1,6,1,0,55,,3,WA,98052,05/14/87,US Citizen,Yes,White,2/20/2012,,N/A - still employed,17,Website Banner Ads,2.3,1,0,1/29/2019,0
"Digitale, Alfred",1306059197,1,1,2,1,6,3,0,56,,3,NH,3062,09/14/88,US Citizen,No,American Indian or Alaska Native,8/18/2014,,N/A - still employed,17,Pay Per Click - Google,3.6,5,0,1/30/2019,0
"Friedman, Gerry",1204032843,0,3,2,1,6,3,1,55.5,,3,NY,10171,02/24/69,US Citizen,Yes,Two or more races,03-07-11,,N/A - still employed,17,Diversity Job Fair,3.65,5,0,1/17/2019,0
"Gill, Whitney  ",1302053046,0,4,1,2,6,3,0,55,,3,OH,43050,07-10-71,US Citizen,No,Black or African American,07-07-14,09-05-15,attendance,17,Monster.com,3.97,4,0,,
"Gonzales, Ricardo",1411071481,1,1,2,1,6,3,0,55.5,,3,ID,83706,10-12-54,US Citizen,No,White,05-12-14,,N/A - still employed,17,Monster.com,3.98,3,0,1/28/2019,0
"Guilianno, Mike",1001167253,0,3,2,6,6,3,0,55,,3,TN,37129,02-09-69,US Citizen,No,Two or more races,03-07-11,10/31/14,relocation out of area,17,Newspager/Magazine,4.5,5,0,,
"Leruth, Giovanni",1412071660,0,5,2,1,6,3,0,55,,3,UT,84111,12/27/88,US Citizen,No,Black or African American,4/30/2012,,N/A - still employed,17,Website Banner Ads,4.53,3,0,1/29/2019,0
"Mullaney, Howard",1306057978,0,3,2,1,6,1,0,55,,3,AL,36006,11-02-75,US Citizen,No,Two or more races,9/29/2014,,N/A - still employed,17,Internet Search,1.93,3,0,1/30/2019,0
"Ozark, Travis",812011761,0,3,2,1,6,3,0,55,,3,NC,27229,05/19/82,US Citizen,No,White,01-05-15,,N/A - still employed,17,Website Banner Ads,5,5,0,1/14/2019,0
"Strong, Caitrin",1411071295,1,1,1,1,6,3,0,54,,3,MT,59102,05-12-89,US Citizen,No,Black or African American,9/27/2010,,N/A - still employed,17,Professional Society,2,4,0,1/31/2019,0
"Valentin,Jackie",1312063714,1,1,1,1,6,3,0,55,,3,AZ,85006,05/23/91,US Citizen,No,Two or more races,07-05-11,,N/A - still employed,17,Other,2.81,3,0,1/17/2019,0
"Villanueva, Noah",1111030503,0,3,2,1,6,3,0,56,,3,ME,4063,07-11-89,US Citizen,No,Asian,03-05-12,,N/A - still employed,17,Website Banner Ads,1.77,4,0,1/18/2019,0
"Buck, Edward",1504073313,1,1,2,1,6,3,0,55,,3,MA,2330,07-07-75,US Citizen,No,White,9/29/2014,,N/A - still employed,21,Employee Referral,3.31,5,0,1/28/2019,0
"Costa, Latia",1409070567,0,3,1,1,6,4,0,55,,3,CA,90007,11-08-88,US Citizen,No,White,01-10-11,,N/A - still employed,21,Other,4.77,5,0,1/27/2019,0
"Fraval, Maruk ",1411071302,0,3,2,1,6,3,0,55,,3,CT,6050,08/28/63,US Citizen,No,Black or African American,09-06-11,,N/A - still employed,21,Monster.com,1.64,3,0,1/27/2019,0
"Givens, Myriam",1203032099,0,3,1,1,6,3,0,55,,3,IN,46204,09/22/89,US Citizen,No,White,2/16/2015,,N/A - still employed,21,Pay Per Click - Google,1.72,5,0,1/25/2019,0
Jeremy Prater,1001084890,1,1,2,1,6,1,0,56,,3,NV,89139,05-09-74,US Citizen,No,White,05-12-14,,N/A - still employed,21,Website Banner Ads,1.81,2,0,1/17/2019,0
"Khemmich, Bartholemew",1104025008,0,3,2,1,6,3,0,55,,3,CO,80820,11/27/79,US Citizen,No,White,8/19/2013,,N/A - still employed,21,Pay Per Click - Google,2.19,5,0,1/22/2019,0
"Martins, Joseph",1209048771,0,3,2,1,6,3,0,56,,3,TX,78207,06-11-70,Eligible NonCitizen,No,Black or African American,5/14/2012,,N/A - still employed,21,Employee Referral,2.94,5,0,1/19/2019,0
"McKinzie, Jac",1209049326,1,1,2,3,6,3,0,55,,3,TX,78789,07-01-84,US Citizen,No,Two or more races,07-06-16,,N/A - Has not started yet,21,Website Banner Ads,2.91,4,0,1/29/2019,0
"Nguyen, Dheepa",1111030684,0,3,1,1,6,3,0,55,,3,GA,30428,03/31/89,US Citizen,No,Two or more races,07-08-13,,N/A - still employed,21,Pay Per Click - Google,5,5,0,1/25/2019,0
"Onque, Jasmine",1501072180,0,3,1,1,6,3,0,57,,3,FL,33174,05-11-90,US Citizen,Yes,White,9/30/2013,,N/A - still employed,21,Pay Per Click - Google,4.28,3,0,1/25/2019,0
"Potts, Xana",1102024106,1,1,1,1,6,3,0,55,,3,KY,40220,08/29/88,US Citizen,No,Black or African American,01-09-12,,N/A - still employed,21,Website Banner Ads,4.2,5,0,02-01-19,0
"Riordan, Michael",1502072711,0,5,2,1,6,4,0,55,,3,ND,58782,01/15/68,US Citizen,No,White,01-09-06,,N/A - still employed,21,Billboard,4.1,3,0,01-04-19,0
"Terry, Sharlene ",1401064637,0,3,1,1,6,3,0,55,,3,OR,97756,05-07-65,US Citizen,No,Black or African American,9/29/2014,,N/A - still employed,21,Monster.com,3.69,3,0,1/28/2019,0
"Rachael, Maggie",1009919940,1,1,1,1,3,3,0,45,,4,MA,2110,05-12-80,US Citizen,No,Black or African American,10-02-16,,N/A - still employed,13,Indeed,2.02,4,6,02-06-19,0
"Smith, Jason",1009919980,0,3,2,1,3,3,0,46,,4,MA,2045,09-04-83,US Citizen,No,White,2/15/2017,,N/A - still employed,13,Indeed,3.01,5,7,1/23/2019,0
"Westinghouse, Matthew",1009919990,1,1,2,1,3,3,0,45,,4,MA,2134,10/24/87,US Citizen,No,White,4/20/2017,,N/A - still employed,13,Indeed,1.82,3,6,01-02-19,0
"Hubert, Robert",1009920000,1,1,2,1,3,3,0,45,,4,MA,2134,06/30/89,US Citizen,No,Black or African American,4/20/2017,,N/A - still employed,13,Indeed,2.06,5,5,1/28/2019,0
"Champaigne, Brian",1009919920,1,1,2,1,3,3,0,63.5,,5,MA,2045,02-09-72,US Citizen,No,White,09-06-16,,N/A - still employed,5,Professional Society,4.5,5,7,1/15/2019,0
"Zamora, Jennifer",1112030816,0,3,1,1,3,4,0,65,,6,MA,2067,08/30/79,US Citizen,No,White,04-10-10,,N/A - still employed,2,Employee Referral,1.12,5,6,2/21/2019,0
"Roper, Katie",1009919950,0,3,1,1,3,3,0,55,,7,MA,2056,11/21/72,US Citizen,No,Black or African American,01-07-17,,N/A - still employed,13,Indeed,4.94,3,5,02-06-19,0
"Becker, Renee",1102024056,0,3,1,2,3,3,0,43,,8,MA,2026,04-04-86,US Citizen,Yes,White,07-07-14,09-12-15,performance,4,Search Engine - Google Bing Yahoo,1.87,4,5,,
"Goble, Taisha",905013738,0,3,1,2,3,3,0,48.5,,8,MA,2127,10/23/71,US Citizen,No,White,2/16/2015,03/15/15,"no-call, no-show",4,Glassdoor,1.87,4,4,,
"Hernandez, Daniff",1410071156,1,1,2,2,3,3,0,40.1,,8,MA,1960,08-07-86,US Citizen,No,Black or African American,2/16/2015,02/22/15,"no-call, no-show",4,Employee Referral,4.33,3,7,,
"Horton, Jayne",1105025718,0,3,1,1,3,3,0,34,,8,MA,2493,02/21/84,US Citizen,No,White,3/30/2015,,N/A - still employed,4,Glassdoor,4.48,5,6,01-03-19,0
"Johnson, Noelle ",1003018246,1,1,1,4,3,3,0,40,,8,MA,2301,11-07-86,US Citizen,No,Asian,01-05-15,,N/A - still employed,4,Glassdoor,3.75,3,5,02-11-19,0
"Murray, Thomas",1406068403,0,2,2,1,3,4,1,35.5,,9,TX,78230,07-04-88,US Citizen,No,Black or African American,11-10-14,,N/A - still employed,4,Diversity Job Fair,4.28,4,5,2/25/2019,0
"Pearson, Randall",1102023965,1,1,2,6,3,3,0,41,,9,MA,2747,09-05-84,US Citizen,No,White,12-01-14,05-01-16,performance,4,Employee Referral,1.62,4,5,,
"Petrowsky, Thelma",1108027853,1,1,1,1,3,4,0,42.75,,9,MA,1886,09/16/84,US Citizen,No,Asian,11-10-14,,N/A - still employed,4,Employee Referral,3.71,5,7,01-04-19,0
"Roby, Lori ",1407068885,1,1,1,1,3,3,0,39.55,,9,MA,1886,10-11-81,US Citizen,No,White,2/16/2015,,N/A - still employed,4,Employee Referral,3.69,5,6,2/14/2019,0
"Rogers, Ivan",1203032255,1,1,2,1,3,3,0,42.2,,9,MA,1810,08/26/86,US Citizen,No,White,3/30/2015,,N/A - still employed,4,Pay Per Click - Google,3.04,3,6,1/22/2019,0
"Salter, Jason",1111030148,0,2,2,6,3,3,0,45,,9,MA,2452,12/17/87,US Citizen,No,Black or African American,01-05-15,10/31/15,hours,4,Vendor Referral,2.19,3,5,,
"Simard, Kramer",808010278,1,1,2,1,3,3,0,30.2,,9,MA,2110,02-08-70,US Citizen,Yes,White,01-05-15,,N/A - still employed,4,Employee Referral,3.32,3,7,1/14/2019,0
"Zhou, Julia",1110029732,0,3,1,1,3,3,0,31.4,,9,MA,2148,02/24/79,US Citizen,No,White,3/30/2015,,N/A - still employed,4,Employee Referral,5,3,5,02-01-19,0
"Bramante, Elisa",1006020066,0,3,1,1,5,4,0,60,,10,MA,2030,03/19/83,US Citizen,No,Black or African American,01-05-09,,N/A - still employed,2,Other,3.02,5,0,02-04-19,0
"Houlihan, Debra",1009021646,1,1,1,1,6,3,0,60,,11,RI,2908,03/17/66,US Citizen,No,White,05-05-14,,N/A - still employed,2,MBTA ads,1.22,4,0,1/21/2019,0
"Foss, Jason",1192991000,0,3,2,1,3,4,0,65,,12,MA,1460,07-05-80,US Citizen,No,Black or African American,4/15/2011,,N/A - still employed,5,Professional Society,3.76,5,5,01-07-19,0
"Roup,Simon",1106026933,0,3,2,1,3,3,0,62,,13,MA,2481,04-05-73,US Citizen,No,White,1/20/2013,,N/A - still employed,5,Professional Society,2.96,5,7,2/18/2019,0
"Ruiz, Ricardo",1001175250,0,2,2,6,3,3,1,21,,13,MA,1915,01-04-64,US Citizen,No,Two or more races,01-09-12,11-04-15,hours,5,Diversity Job Fair,2.51,4,6,,
"Monroe, Peter",1011022863,1,1,2,1,3,2,1,63,,13,MA,2134,10-05-86,Eligible NonCitizen,Yes,Hispanic,2/15/2012,,N/A - still employed,5,Diversity Job Fair,2.39,3,6,2/22/2019,0
"Dougall, Eric",1101023754,0,3,2,1,3,4,0,64,,13,MA,1886,07-09-70,US Citizen,No,White,01-05-14,,N/A - still employed,5,Professional Society,1.99,5,5,01-04-19,0
"Clayton, Rick",1301052902,0,3,2,1,3,3,0,28.99,,14,MA,2170,09-05-85,US Citizen,No,White,09-05-12,,N/A - still employed,6,Glassdoor,2.55,3,6,2/27/2019,0
"Galia, Lisa",1501072093,0,3,1,1,3,3,0,31.4,,14,CT,6040,07-06-68,US Citizen,No,White,05-01-10,,N/A - still employed,6,Vendor Referral,1.21,4,5,02-01-19,0
"Lindsay, Leonara ",602000312,0,3,1,1,3,4,1,26,,14,CT,6070,10-05-88,US Citizen,Yes,Two or more races,1/21/2011,,N/A - still employed,6,Diversity Job Fair,4.64,4,5,1/25/2019,0
"Soto, Julia ",1203032263,1,1,1,1,3,3,0,27.49,,14,MA,2360,03-12-73,US Citizen,No,Black or African American,06-10-11,,N/A - still employed,6,Information Session,4.3,3,5,02-08-19,0
"Bacong, Alejandro ",1212052023,0,2,2,1,3,3,0,45,,14,MA,1886,01-07-88,US Citizen,No,White,01-05-15,,N/A - still employed,7,Glassdoor,1.84,5,6,2/18/2019,0
"Cisco, Anthony",1102024173,1,1,2,1,3,3,0,42,,14,MA,2135,11/24/89,US Citizen,Yes,White,3/30/2015,,N/A - still employed,7,Information Session,2.21,5,7,01-10-19,0
"Dolan, Linda",1101023540,1,1,1,1,3,3,0,37,,14,MA,2119,07/18/88,US Citizen,No,White,01-05-15,,N/A - still employed,7,Employee Referral,4.11,4,6,2/25/2019,0
"Gonzalez, Maria",1988299991,0,5,1,1,3,3,0,39,,14,MA,2472,04/16/81,US Citizen,Yes,White,01-05-15,,N/A - still employed,7,Employee Referral,4.61,4,5,1/28/2019,0
"Merlos, Carlos",1012023013,0,3,2,1,3,1,0,43,,15,MA,2138,06/18/87,US Citizen,No,White,3/30/2015,,N/A - still employed,7,Vendor Referral,1.2,3,6,02-04-19,0
"Morway, Tanya",1001956578,1,1,1,1,3,3,0,27,,15,MA,2048,04-04-79,US Citizen,No,White,2/16/2015,,N/A - still employed,7,Monster.com,3.81,3,6,02-11-19,0
"Shepard, Anita ",906014183,1,1,1,1,3,3,0,47,,15,MA,1773,04/14/81,US Citizen,No,White,9/30/2014,,N/A - still employed,7,Vendor Referral,3.31,3,6,01-07-19,0
"Tredinnick, Neville ",1104025466,1,1,2,6,3,3,0,28,,15,MA,1420,05-05-88,US Citizen,No,White,01-05-15,05-12-15,medical issues,7,Monster.com,5,3,5,,
"Turpin, Jumil",1411071506,1,1,2,1,3,3,0,49.1,,15,MA,2343,03/31/69,Eligible NonCitizen,No,White,3/30/2015,,N/A - still employed,7,Employee Referral,5,4,7,1/14/2019,0
"King, Janet",1001495124,1,1,1,1,2,3,0,80,,16,MA,1902,09/21/54,US Citizen,Yes,White,07-02-12,,N/A - still employed,9,Pay Per Click - Google,4.83,3,0,1/17/2019,0
"Albert, Michael  ",1501072311,0,2,2,1,5,3,0,54.5,,17,MA,2169,10-10-68,US Citizen,No,White,08-01-11,,N/A - still employed,2,Employee Referral,3.93,3,0,2/27/2019,0
"Bozzi, Charles",1303054580,0,3,2,6,5,3,0,50.5,,17,MA,1901,03-10-70,US Citizen,No,Asian,9/30/2013,08-07-14,retiring,2,Billboard,3.39,3,0,,
"Butler, Webster  L",1110029990,0,3,2,1,5,4,0,55,,17,MA,2169,08-09-83,US Citizen,No,White,1/28/2016,,N/A - still employed,2,Pay Per Click - Google,5,3,0,2/22/2019,0
"Dunn, Amy  ",1409070147,0,3,1,1,5,3,0,51,,17,MA,1731,11/28/73,US Citizen,No,White,9/18/2014,,N/A - still employed,2,Search Engine - Google Bing Yahoo,4.52,4,0,1/15/2019,0
"Gray, Elijiah  ",1307060077,0,2,2,1,5,3,0,54,,17,MA,1752,07-11-81,US Citizen,No,White,06-02-15,,N/A - still employed,2,Employee Referral,4.63,3,0,01-04-19,0
"Hogland, Jonathan ",1001944783,1,1,2,2,5,3,0,48.5,,17,MA,1890,07-01-72,US Citizen,No,White,01-10-11,12-12-15,attendance,2,Employee Referral,4.78,4,0,,
"Immediato, Walter",1403065874,1,1,2,6,5,2,0,42,,17,MA,2128,11/15/76,US Citizen,No,Asian,2/21/2011,09/24/12,unhappy,2,Other,2.34,2,0,,
"Liebig, Ketsia",1103024679,1,1,1,1,5,4,0,55,,17,MA,2110,10/26/81,US Citizen,No,White,9/30/2013,,N/A - still employed,2,Website Banner Ads,3.66,3,0,1/21/2019,0
"Miller, Brannon",1107027351,0,3,2,1,5,3,0,53,,17,MA,2045,08-10-81,US Citizen,yes,Hispanic,8/16/2012,,N/A - still employed,2,Internet Search,4.37,3,0,1/14/2019,0
"Peterson, Ebonee  ",1402065355,1,1,1,6,5,3,0,38.5,,17,MA,2030,05-09-77,US Citizen,No,White,10/25/2010,05/18/16,Another position,2,Internet Search,4.16,5,0,,
"Spirea, Kelley",1102024149,1,1,1,1,5,3,0,52,,17,MA,2451,09/30/75,US Citizen,No,White,10-02-12,,N/A - still employed,2,Vendor Referral,4.83,5,0,2/14/2019,0
"Stanley, David ",1000974650,0,2,2,1,5,2,0,53,,17,MA,1803,12/17/75,US Citizen,No,White,7/20/2010,,N/A - still employed,2,Monster.com,4.13,2,0,1/14/2019,0
"Sullivan, Kissy ",1405067298,1,1,1,1,5,3,0,55,,17,MA,1776,03/28/78,US Citizen,No,Black or African American,01-08-09,,N/A - still employed,2,Billboard,3.73,4,0,1/24/2019,0
"Wallace, Courtney  E",1410071026,1,1,1,6,5,3,1,33.5,,17,MA,2478,11/14/55,US Citizen,No,Black or African American,9/26/2011,01-02-12,Another position,2,Diversity Job Fair,1.18,3,0,,
"Anderson, Linda  ",1304055947,0,3,1,1,5,4,0,23,,19,MA,1844,05/22/77,US Citizen,No,White,01-09-12,,N/A - still employed,11,MBTA ads,5,5,0,01-07-19,0
"Bernstein, Sean",1109029366,0,3,2,1,5,3,0,16,,19,MA,2072,12/22/70,US Citizen,Yes,White,04-02-12,,N/A - still employed,11,Word of Mouth,5,3,0,1/14/2019,0
"Chivukula, Enola",1101023394,0,3,1,6,5,3,0,21,,19,MA,1775,08/27/83,US Citizen,No,White,6/27/2011,11/15/15,relocation out of area,11,Other,2,4,0,,
"Desimone, Carl ",1501072124,1,1,2,1,5,1,0,20,,19,MA,2061,04/19/67,US Citizen,No,White,07-07-14,,N/A - still employed,11,Professional Society,1.12,2,0,1/31/2019,0
"Fernandes, Nilson  ",1302053339,1,1,2,1,5,1,0,18,,19,MA,2132,10/18/89,US Citizen,No,White,05-11-15,,N/A - still employed,11,Professional Society,1.56,5,0,01-03-19,0
"Girifalco, Evelyn",1204032927,0,3,1,1,5,4,0,16,,19,MA,2451,05-08-80,US Citizen,Yes,Two or more races,9/29/2014,,N/A - still employed,11,Professional Society,3.39,4,0,02-07-19,0
"Harrison, Kara",1404066622,1,1,1,1,5,4,0,20,,19,MA,1886,05-02-74,US Citizen,No,White,05-12-14,,N/A - still employed,11,Monster.com,4.76,4,0,2/15/2019,0
"Kirill, Alexandra  ",903013071,1,1,1,6,5,3,0,24,,19,MA,2127,10-08-70,US Citizen,No,White,9/26/2011,01-09-12,more money,11,Search Engine - Google Bing Yahoo,3.49,4,0,,
"MacLennan, Samuel",1201031032,0,4,2,6,5,3,0,15,,19,MA,1938,11-09-72,US Citizen,No,White,9/24/2012,09/26/12,hours,11,Pay Per Click,3.08,4,0,,
"Ndzi, Horia",1204033044,1,1,2,6,5,3,0,22,,19,MA,2421,03/28/83,US Citizen,No,White,04-01-13,05/25/16,more money,11,Employee Referral,3.18,3,0,,
"Perry, Shakira",1109029186,0,3,1,6,5,3,0,22,,19,MA,2176,07/20/86,US Citizen,No,White,5/16/2011,10/25/15,medical issues,11,MBTA ads,3.45,4,0,,
"Robinson, Alain  ",1206038000,1,1,2,6,5,3,0,24,,19,MA,1420,01-07-74,US Citizen,No,Black or African American,01-10-11,01/26/16,attendance,11,Glassdoor,5,3,0,,
"Shields, Seffi",1205033102,1,1,1,1,5,3,0,15,,19,MA,2149,08/24/85,US Citizen,No,White,8/19/2013,,N/A - still employed,11,Newspager/Magazine,4.81,4,0,2/15/2019,0
"Theamstern, Sophia",1404066739,0,3,1,6,5,3,0,20,,19,MA,2066,05-09-65,US Citizen,No,White,07-05-11,09-05-11,return to school,11,Billboard,3.98,4,0,,
"Wilber, Barry",1101023839,1,1,2,6,5,3,0,21,,19,MA,2324,09-09-65,Eligible NonCitizen,No,White,5/16/2011,09-07-15,unhappy,11,Website Banner Ads,5,3,0,,
"Bachiochi, Linda",1212051409,0,3,1,4,5,3,1,22,,19,MA,1902,02-11-70,US Citizen,No,Two or more races,07-06-09,,N/A - still employed,12,Diversity Job Fair,4.46,3,0,1/25/2019,0
"Billis, Helen",1308060366,1,1,1,1,5,4,0,16,,19,MA,2031,09-01-89,US Citizen,No,White,07-07-14,,N/A - still employed,12,Professional Society,5,3,0,2/27/2019,0
"Clukey, Elijian",1407069280,1,1,2,3,5,4,0,24.75,,19,MA,2134,08/26/80,US Citizen,No,White,07-06-16,,N/A - Has not started yet,12,Employee Referral,1.97,4,0,2/28/2019,0
"DiNocco, Lily ",1209048696,1,1,1,1,5,2,0,22,,19,MA,2351,12-02-78,US Citizen,No,Black or African American,01-07-13,,N/A - still employed,12,Pay Per Click - Google,3.88,4,0,1/18/2019,0
"Fidelia,  Libby",1006020020,1,1,1,1,5,3,0,24,,19,MA,2155,03/16/81,US Citizen,No,White,01-09-12,,N/A - still employed,12,Social Networks - Facebook Twitter etc,5,5,0,1/29/2019,0
"Gonzalez, Cayo",1411071212,0,2,2,1,5,4,1,16,,19,MA,2108,09/29/69,US Citizen,No,American Indian or Alaska Native,07-11-11,,N/A - still employed,12,Diversity Job Fair,1.83,4,0,2/18/2019,0
"Ivey, Rose ",1408069882,0,3,1,1,5,3,0,16,,19,MA,1775,01/28/91,US Citizen,No,White,8/19/2013,,N/A - still employed,12,Professional Society,3.99,3,0,1/14/2019,0
"Kretschmer, John",1311062610,1,1,2,1,5,3,0,21,,19,MA,1801,02-02-80,US Citizen,No,Asian,01-10-11,,N/A - still employed,12,Pay Per Click - Google,3.38,3,0,1/21/2019,0
"Mangal, Debbie",1308060754,1,1,1,1,5,3,0,23,,19,MA,2451,11-07-74,US Citizen,No,White,11-11-13,,N/A - still employed,12,On-campus Recruiting,1.04,3,0,1/22/2019,0
"Ngodup, Shari ",1403066020,0,5,1,1,5,4,1,15,,19,MA,1810,06-03-67,US Citizen,No,Asian,04-01-13,,N/A - still employed,12,Diversity Job Fair,1.12,3,0,2/13/2019,0
"Pham, Hong",1305057440,1,1,2,6,5,3,0,18,,19,MA,2451,03-06-88,US Citizen,No,White,07-05-11,11/30/12,more money,12,Search Engine - Google Bing Yahoo,5,3,0,,
"Robinson, Elias",1011022887,0,4,2,1,5,4,0,17,,19,MA,1730,01/28/85,US Citizen,No,White,07-08-13,,N/A - still employed,12,Employee Referral,3.02,5,0,02-11-19,0
"Sparks, Taylor  ",1410071137,1,1,1,1,5,1,0,16,,19,MA,2093,07/20/68,US Citizen,No,White,2/20/2012,,N/A - still employed,12,Billboard,4.11,2,0,2/25/2019,0
"Tippett, Jeanette",1409070255,0,2,1,1,5,3,0,24,,19,MA,2093,06-05-67,US Citizen,No,Black or African American,2/18/2013,,N/A - still employed,12,Billboard,4.21,5,0,1/14/2019,0
"Ybarra, Catherine ",1001268402,0,3,1,6,5,1,0,22,,19,MA,2458,05-04-82,US Citizen,No,Asian,09-02-08,09/29/15,Another position,12,Search Engine - Google Bing Yahoo,4.29,2,0,,
"Baczenski, Rachael  ",1307060083,1,1,1,6,5,3,1,17,,19,MA,1902,01-12-74,US Citizen,Yes,Hispanic,01-10-11,01-12-11,Another position,14,Diversity Job Fair,1.79,4,0,,
"Brill, Donna",1406068293,1,1,1,6,5,3,0,20,,19,MA,1701,08/24/90,US Citizen,No,White,04-02-12,06/15/13,Another position,14,Search Engine - Google Bing Yahoo,3.35,4,0,,
"Cockel, James",1599991009,0,3,2,1,5,3,0,15,,19,MA,2452,09-08-77,US Citizen,No,White,07-08-13,,N/A - still employed,14,Employee Referral,1.51,5,0,1/14/2019,0
"Dobrin, Denisa  S",1202031618,0,3,1,1,5,3,0,16.75,,19,MA,2125,10-07-86,US Citizen,Yes,White,04-02-12,,N/A - still employed,14,Monster.com,2.79,5,0,2/19/2019,0
"Garcia, Raul",1309061015,0,3,2,1,5,3,0,19,,19,MA,1905,09/15/85,US Citizen,Yes,White,3/30/2015,,N/A - still employed,14,Employee Referral,4.5,3,0,2/18/2019,0
"Gordon, David",1106026579,1,1,2,1,5,3,0,15,,19,MA,2169,05/21/79,US Citizen,No,White,07-02-12,,N/A - still employed,14,MBTA ads,5,3,0,1/14/2019,0
"Jackson, Maryellen",1201031438,0,3,1,1,5,3,0,20,,19,MA,2081,09-11-72,US Citizen,No,White,11-05-12,,N/A - still employed,14,Newspager/Magazine,2.32,3,0,1/17/2019,0
"Langton, Enrico",1304055987,1,1,2,1,5,3,0,17,,19,MA,2048,12-09-86,US Citizen,No,White,07-09-12,,N/A - still employed,14,Newspager/Magazine,5,5,0,02-04-19,0
"Maurice, Shana",1401064327,1,1,1,1,5,3,0,20,,19,MA,2330,11/22/77,US Citizen,No,White,5/31/2011,,N/A - still employed,14,Other,5,4,0,01-10-19,0
"Nguyen, Lei-Ming",1203032357,0,3,1,1,5,3,0,19,,19,MA,2132,07-07-84,US Citizen,No,White,07-08-13,,N/A - still employed,14,Vendor Referral,2.79,5,0,01-02-19,0
"Pitt, Brad ",1001735072,0,3,2,1,5,3,0,17,,19,MA,2451,11/23/81,US Citizen,No,Black or African American,11-05-07,,N/A - still employed,14,Search Engine - Google Bing Yahoo,3.66,3,0,2/25/2019,0
"Rose, Ashley  ",710007555,0,5,1,1,5,3,0,17,,19,MA,1886,12-05-74,US Citizen,No,White,01-06-14,,N/A - still employed,14,Website Banner Ads,5,4,0,1/31/2019,0
"Squatrito, Kristen",1405067138,0,2,1,6,5,4,0,21,,19,MA,2359,03/26/73,US Citizen,No,White,5/13/2013,06/29/15,unhappy,14,MBTA ads,1.97,4,0,,
"Trang, Mei",1012023152,0,3,1,1,5,2,0,22,,19,MA,2021,05/16/83,US Citizen,No,White,2/17/2014,,N/A - still employed,14,Professional Society,2.44,5,0,02-11-19,0
"Zima, Colleen",1211051232,0,4,1,1,5,3,0,15,,19,MA,1730,08/17/78,US Citizen,No,Asian,9/29/2014,,N/A - still employed,14,On-campus Recruiting,1.24,5,0,1/30/2019,0
"Alagbe,Trina",1011022883,1,1,1,1,5,3,0,21,,19,MA,1886,09/27/88,US Citizen,No,White,01-07-08,,N/A - still employed,16,Billboard,4.84,5,0,01-03-19,0
"Beatrice, Courtney ",1403066194,0,3,1,1,5,3,0,22,,19,MA,1915,10/27/70,Eligible NonCitizen,No,White,04-04-11,,N/A - still employed,16,Search Engine - Google Bing Yahoo,5,5,0,1/14/2019,0
"Chan, Lin",1305057282,0,3,1,1,5,3,0,19.5,,19,MA,2170,02-12-79,US Citizen,No,White,05-12-14,,N/A - still employed,16,Internet Search,2.73,4,0,2/19/2019,0
"Darson, Jene'ya ",1001109612,1,1,1,1,5,3,0,15,,19,MA,2110,11-05-78,US Citizen,No,White,07-02-12,,N/A - still employed,16,Billboard,5,3,0,2/25/2019,0
"Evensen, April",1107027392,0,3,1,2,5,2,0,18,,19,MA,2458,05-06-89,US Citizen,No,White,2/17/2014,02/25/14,"no-call, no-show",16,Word of Mouth,1.04,3,0,,
"Gerke, Melisa",1308060622,0,2,1,6,5,3,1,22,,19,MA,2330,05/15/70,US Citizen,No,White,11-07-11,11/15/11,hours,16,Diversity Job Fair,4.24,4,0,,
"Harrell, Ludwick",1406068241,1,1,2,1,5,3,0,21,,19,MA,1776,09-02-82,US Citizen,No,Asian,5/14/2012,,N/A - still employed,16,Search Engine - Google Bing Yahoo,1.83,3,0,2/22/2019,0
"Jung, Judy  ",1107027450,1,1,1,6,5,3,0,21,,19,MA,2446,04/17/86,US Citizen,No,White,01-10-11,04-01-16,unhappy,16,Monster.com,4,4,0,,
"Lydon, Allison",1101023353,1,1,1,4,5,3,0,20,,19,MA,2122,10/22/75,US Citizen,No,Black or African American,2/16/2015,,N/A - still employed,16,Website Banner Ads,5,3,0,1/23/2019,0
"Motlagh,  Dawn",1102024121,0,2,1,1,5,3,0,15,,19,MA,2453,07-07-84,US Citizen,No,White,04-01-13,,N/A - still employed,16,MBTA ads,1.76,4,0,1/17/2019,0
"Panjwani, Nina",1109029531,1,1,1,6,5,3,0,18,,19,MA,2351,05-01-79,US Citizen,No,White,02-07-11,01-12-14,Another position,16,Social Networks - Facebook Twitter etc,3.89,4,0,,
"Rhoads, Thomas",1211050793,0,2,2,6,5,3,0,20,,19,MA,2176,07/22/82,US Citizen,Yes,White,5/16/2011,01/15/16,retiring,16,Professional Society,5,4,0,,
"Sander, Kamrin",1302053362,1,1,1,1,5,3,0,21,,19,MA,2154,07-10-88,US Citizen,No,Black or African American,9/29/2014,,N/A - still employed,16,On-campus Recruiting,3.51,3,0,2/18/2019,0
"Sutwell, Barbara",1407069061,0,3,1,1,5,3,0,14,,19,MA,2718,08/15/68,Eligible NonCitizen,No,Asian,5/14/2012,,N/A - still employed,16,Glassdoor,2.77,5,0,1/31/2019,0
"Wallace, Theresa",1101023619,0,3,1,6,5,2,0,15,,19,MA,1887,08-02-80,US Citizen,No,White,8/13/2012,09-01-15,career change,16,Monster.com,1.27,3,0,,
"Barone, Francesco  A",1101023679,0,3,2,1,5,3,0,16.76,,19,MA,1810,07/20/83,US Citizen,No,Two or more races,2/20/2012,,N/A - still employed,18,Social Networks - Facebook Twitter etc,1.41,4,0,2/14/2019,0
"Carey, Michael  ",1311063114,0,3,2,1,5,3,0,20,,19,MA,1701,02-02-83,US Citizen,No,Black or African American,3/31/2014,,N/A - still employed,18,MBTA ads,4.43,3,0,02-01-19,0
"Cornett, Lisa ",1403066069,1,1,1,1,5,3,0,15.75,,19,MA,2189,03/31/77,US Citizen,Yes,White,01-05-15,,N/A - still employed,18,Billboard,4.73,5,0,2/14/2019,0
"Engdahl, Jean",1007020403,0,3,2,1,5,3,0,21.25,,19,MA,2026,05/31/74,US Citizen,No,White,11-10-14,,N/A - still employed,18,MBTA ads,1.86,5,0,2/13/2019,0
"England, Rex",1101023612,1,1,2,1,5,3,0,21,,19,MA,2045,08/25/78,US Citizen,No,White,3/31/2014,,N/A - still employed,18,Employee Referral,2.05,3,0,01-11-19,0
"Gaul, Barbara",1105026041,0,3,1,1,5,3,0,24,,19,MA,2121,12-02-83,US Citizen,Yes,Black or African American,5/16/2011,,N/A - still employed,18,MBTA ads,1.66,4,0,2/26/2019,0
"Gross, Paula",1103024859,0,2,1,6,5,3,0,14,,19,MA,2176,05/21/83,US Citizen,No,White,2/21/2011,01-11-14,more money,18,Monster.com,5,5,0,,
"Jhaveri, Sneha  ",1412071713,0,5,1,1,5,3,0,19,,19,MA,2109,04/13/64,US Citizen,No,White,01-06-14,,N/A - still employed,18,On-campus Recruiting,5,5,0,1/21/2019,0
"LeBel, Jonathan  R",1107027575,0,3,2,2,5,3,0,15,,19,MA,2050,10/18/81,US Citizen,No,White,2/21/2011,08-04-11,attendance,18,Social Networks - Facebook Twitter etc,5,4,0,,
"Meads, Elizabeth",1409070245,0,3,1,6,5,3,1,14,,19,MA,1760,05/30/68,US Citizen,No,Black or African American,04-02-12,11-11-15,Another position,18,Diversity Job Fair,4.18,4,0,,
"Osturnka, Adeel",1404066949,1,1,2,1,5,4,0,16,,19,MA,2478,12-11-76,US Citizen,No,White,9/30/2013,,N/A - still employed,18,On-campus Recruiting,2.86,3,0,02-07-19,0
"Punjabhi, Louis  ",1401064562,0,3,2,1,5,3,0,16,,19,MA,2109,06/19/61,US Citizen,No,White,01-06-14,,N/A - still employed,18,Employee Referral,2.45,3,0,01-07-19,0
"Saar-Beckles, Melinda",1410070998,0,3,1,3,5,2,1,20,,19,MA,1801,06-06-68,US Citizen,No,Black or African American,07-04-16,,N/A - Has not started yet,18,Diversity Job Fair,1.12,4,0,2/18/2019,0
"Stoica, Rick",1106026896,1,1,2,1,5,3,0,22,,19,MA,2301,03/14/85,US Citizen,No,Asian,2/17/2014,,N/A - still employed,18,On-campus Recruiting,1.39,3,0,01-11-19,0
"Volk, Colleen",1011022814,1,1,1,2,5,4,0,21,,19,MA,2747,06-03-86,US Citizen,No,White,9/26/2011,02-08-16,gross misconduct,18,Social Networks - Facebook Twitter etc,2.79,5,0,,
"Athwal, Sam",1301052124,0,4,2,1,5,3,0,22,,19,MA,2199,02/18/83,US Citizen,No,White,9/30/2013,,N/A - still employed,19,Employee Referral,5,4,0,2/25/2019,0
"Biden, Lowan  M",1412071844,0,2,1,1,5,3,0,22,,19,MA,2027,12/27/58,US Citizen,No,Asian,8/19/2013,,N/A - still employed,19,Billboard,2.39,3,0,01-10-19,0
"Cierpiszewski, Caroline  ",1012023295,0,3,1,1,5,3,0,22,,19,MA,2044,05/31/88,Non-Citizen,No,Black or African American,10-03-11,,N/A - still employed,19,Pay Per Click - Google,3.58,5,0,1/30/2019,0
"Dickinson, Geoff ",706006285,0,3,2,1,5,3,0,21,,19,MA,2180,11/15/82,US Citizen,No,White,05-12-14,,N/A - still employed,19,Pay Per Click - Google,1.13,4,0,2/19/2019,0
"Ferreira, Violeta",803009012,0,3,1,1,5,3,0,23,,19,MA,2176,06-10-86,US Citizen,No,White,2/20/2012,,N/A - still employed,19,Newspager/Magazine,1.85,4,0,01-07-19,0
"Gold, Shenice  ",1408069539,0,3,1,1,5,3,0,17,,19,MA,2451,06/18/92,US Citizen,Yes,White,11-11-13,,N/A - still employed,19,Glassdoor,1.94,5,0,2/18/2019,0
"Heitzman, Anthony",1002017900,0,3,2,1,5,3,0,19,,19,MA,2149,01-04-84,US Citizen,No,White,8/13/2012,,N/A - still employed,19,Social Networks - Facebook Twitter etc,4.17,4,0,02-11-19,0
"Knapp, Bradley  J",1304055683,0,3,2,1,5,3,0,14,,19,MA,1721,11-10-77,US Citizen,No,Black or African American,2/17/2014,,N/A - still employed,19,On-campus Recruiting,2.79,3,0,02-06-19,0
"Mahoney, Lauren  ",1209049259,0,3,1,1,5,3,0,17,,19,MA,2189,07-07-86,US Citizen,No,White,01-06-14,,N/A - still employed,19,Newspager/Magazine,2.55,4,0,2/26/2019,0
"Newman, Richard ",1302053044,1,1,2,4,5,3,0,21,,19,MA,2136,04-08-77,US Citizen,No,White,05-12-14,,N/A - still employed,19,On-campus Recruiting,5,5,0,2/18/2019,0
"Peterson, Kayla ",1307059944,1,1,1,1,5,3,0,17,,19,MA,1749,09/23/73,US Citizen,No,White,4/26/2010,,N/A - still employed,19,Search Engine - Google Bing Yahoo,2.72,3,0,1/21/2019,0
"Robinson, Cherly",1403065625,1,1,1,2,5,2,0,16,,19,MA,1460,01-07-85,US Citizen,No,White,01-10-11,05/17/16,attendance,19,Glassdoor,3.6,3,0,,
"Smith, Sade",1501071909,0,3,1,1,5,3,0,24.5,,19,MA,2130,02-02-65,US Citizen,No,White,11-11-13,,N/A - still employed,19,Employee Referral,3.73,3,0,1/24/2019,0
"Tinto, Theresa  ",1103024504,0,2,1,6,5,3,0,20,,19,MA,1876,07/30/83,US Citizen,No,White,01-10-11,05/14/11,Another position,19,Social Networks - Facebook Twitter etc,2.81,5,0,,
"Williams, Jacquelyn  ",1308060671,0,3,1,6,5,3,1,16,,19,MA,2109,10-02-69,US Citizen,Yes,Two or more races,01-09-12,06/27/15,relocation out of area,19,Diversity Job Fair,1.44,4,0,,
"Barbara, Thomas",1312063507,1,1,2,6,5,3,1,22,,19,MA,2062,02/21/74,US Citizen,Yes,Asian,04-02-12,09/19/12,unhappy,20,Diversity Job Fair,1.98,3,0,,
"Bugali, Josephine ",1408069635,0,5,1,4,5,3,1,20,,19,MA,2043,10/30/69,US Citizen,No,Black or African American,11-11-13,,N/A - still employed,20,Diversity Job Fair,2.83,5,0,1/21/2019,0
"Cole, Spencer",1001450968,0,3,2,2,5,2,0,15,,19,MA,1880,08-12-79,US Citizen,No,Black or African American,07-11-11,09/23/12,performance,20,MBTA ads,1.42,3,0,,
"Eaton, Marianne",1406067865,1,1,1,6,5,3,0,17,,19,MA,2343,09-05-91,US Citizen,No,White,04-04-11,06-06-13,military,20,Search Engine - Google Bing Yahoo,5,3,0,,
"Garneau, Hamish",1104025414,0,3,2,1,5,3,0,18,,19,MA,1550,04/18/80,US Citizen,No,Asian,07-08-13,,N/A - still employed,20,Professional Society,2.61,4,0,1/22/2019,0
"Goyal, Roxana",1312063675,1,1,1,4,5,3,0,24,,19,MA,1864,10-09-74,US Citizen,No,Asian,8/19/2013,,N/A - still employed,20,On-campus Recruiting,1.71,5,0,2/15/2019,0
"Jacobi, Hannah  ",1503072857,0,2,1,1,5,3,0,21,,19,MA,1778,03/22/66,US Citizen,No,White,9/30/2013,,N/A - still employed,20,Employee Referral,2.05,5,0,2/22/2019,0
"Leach, Dallas",1408069409,0,3,1,6,5,3,0,19,,19,MA,1810,01/17/79,US Citizen,No,Asian,9/26/2011,08/19/13,return to school,20,Monster.com,4.88,3,0,,
"Mckenna, Sandy",909015167,1,1,1,1,5,3,0,24,,19,MA,2184,01-07-87,US Citizen,No,Black or African American,01-07-13,,N/A - still employed,20,Monster.com,3.93,3,0,1/30/2019,0
"O'hare, Lynn",1206044851,0,3,1,2,5,1,0,18.5,,19,MA,2152,09/30/80,US Citizen,No,Two or more races,3/31/2014,05-01-16,performance,20,Professional Society,3.09,2,0,,
"Power, Morissa",1102024274,0,2,1,6,5,3,0,19,,19,MA,1742,10/15/84,Eligible NonCitizen,No,Asian,5/16/2011,06-04-11,Another position,20,Social Networks - Facebook Twitter etc,3.17,4,0,,
"Purinton, Janine",1011022926,0,2,1,6,5,3,0,16,,19,MA,2474,09/22/70,US Citizen,No,White,9/24/2012,06/18/13,unhappy,20,Billboard,1.5,5,0,,
"Rossetti, Bruno",1405067492,0,3,2,6,5,3,0,18,,19,MA,2155,03/18/87,US Citizen,No,White,04-04-11,08/13/12,Another position,20,Search Engine - Google Bing Yahoo,5,5,0,,
"Stanford,Barbara  M",1111030244,0,2,1,1,5,3,0,14,,19,MA,2050,08/25/82,US Citizen,No,Two or more races,01-10-11,,N/A - still employed,20,Word of Mouth,1.05,4,0,02-07-19,0
"Veera, Abdellah ",1203032235,0,2,2,6,5,4,0,19,,19,MA,2171,01/31/87,US Citizen,No,White,8/13/2012,02-05-16,maternity leave - did not return,20,Information Session,3.84,5,0,,
"Adinolfi, Wilson  K",1409070522,0,3,2,1,5,4,0,20,,19,MA,1960,07-10-83,US Citizen,No,White,07-05-11,,N/A - still employed,22,MBTA ads,2.51,5,0,1/17/2019,0
"Barton, Nader",1212051962,0,2,2,6,5,3,0,18,,19,MA,2747,07/15/77,US Citizen,No,White,9/24/2012,04-06-13,Another position,22,On-line Web application,5,5,0,,
"Chace, Beatrice ",1208048062,0,3,1,1,5,3,0,16,,19,MA,2763,01-02-51,US Citizen,No,White,9/29/2014,,N/A - still employed,22,Search Engine - Google Bing Yahoo,5,4,0,02-12-19,0
"Crimmings,   Jean",1311063172,0,3,1,3,5,3,0,19.75,,19,MA,1821,04-10-87,US Citizen,No,White,07-06-16,,N/A - Has not started yet,22,Newspager/Magazine,4.12,5,0,1/28/2019,0
"Estremera, Miguel",1104025243,0,3,2,2,5,2,0,17,,19,MA,2129,09-02-83,US Citizen,No,White,04-02-12,09/27/14,attendance,22,Word of Mouth,5,4,0,,
"Gentry, Mildred",1501072192,1,1,1,1,5,3,0,19,,19,MA,2145,10-01-90,US Citizen,No,Black or African American,3/30/2015,,N/A - still employed,22,Professional Society,3.73,3,0,1/16/2019,0
"Handschiegl, Joanne",1405067064,1,1,1,1,5,3,0,24,,19,MA,2127,03/23/77,US Citizen,No,White,11/28/2011,,N/A - still employed,22,Word of Mouth,4.2,4,0,2/22/2019,0
"Johnson, George",1105025721,1,1,2,6,5,4,0,17,,19,MA,2445,08/19/59,US Citizen,No,White,11-07-11,04/29/16,more money,22,Monster.com,1.65,4,0,,
"Keatts, Kramer ",1301052462,0,3,2,1,5,3,0,19,,19,MA,1887,01/19/76,US Citizen,No,White,9/30/2013,,N/A - still employed,22,Billboard,3.07,4,0,1/23/2019,0
"Linares, Marilyn ",1206042315,1,1,1,6,5,3,0,15.25,,19,MA,1886,03/26/81,US Citizen,No,White,07-05-11,09/26/11,unhappy,22,Internet Search,3.18,4,0,,
"Medeiros, Jennifer",1109029256,0,3,1,1,5,3,0,20,,19,MA,2346,09/22/76,US Citizen,No,White,3/30/2015,,N/A - still employed,22,Monster.com,5,4,0,1/21/2019,0
"Owad, Clinton",1103024335,0,3,2,1,5,2,0,22,,19,MA,1760,11/24/79,US Citizen,No,Black or African American,2/17/2014,,N/A - still employed,22,MBTA ads,4.25,3,0,02-04-19,0
"Rarrick, Quinn",1208048229,0,2,2,6,5,3,0,21,,19,MA,2478,12/31/84,US Citizen,No,White,9/26/2011,04-07-12,more money,22,Pay Per Click - Google,3.8,5,0,,
"Sadki, Nore  ",1308060535,0,3,2,6,5,3,0,21,,19,MA,2148,12/21/74,US Citizen,No,White,01-05-09,07/30/10,relocation out of area,22,Word of Mouth,1.53,5,0,,
"Sullivan, Timothy",1201031310,1,1,2,1,5,3,0,19,,19,MA,2747,10-07-82,US Citizen,Yes,White,01-05-15,,N/A - still employed,22,Word of Mouth,4.36,5,0,1/24/2019,0
"Von Massenbach, Anna",1106026474,0,3,1,3,5,3,0,20,,19,MA,2124,04-06-85,US Citizen,No,White,07-05-15,,N/A - Has not started yet,22,Newspager/Magazine,3.21,3,0,1/29/2019,0
"Anderson, Carol ",1001417624,0,2,1,6,5,3,0,16,,19,MA,2169,09-08-89,US Citizen,No,White,07-11-11,09-06-11,return to school,39,Word of Mouth,5,4,0,,
"Becker, Scott",1110029777,0,3,2,4,5,3,0,17,,19,MA,2452,04-06-79,US Citizen,No,Asian,07-08-13,,N/A - still employed,39,MBTA ads,1.09,4,0,01-11-19,0
"Chang, Donovan  E",1111030129,0,3,2,1,5,3,0,22,,19,MA,1845,08/24/83,US Citizen,No,White,07-08-13,,N/A - still employed,39,Newspager/Magazine,3.8,5,0,1/14/2019,0
"DeGweck,  James",1306058816,1,1,2,6,5,3,0,23.5,,19,MA,1810,10/31/77,US Citizen,No,White,5/16/2011,06-08-15,unhappy,39,Billboard,5,4,0,,
"Ferguson, Susan",1502072511,1,1,1,6,5,3,0,20,,19,MA,2176,04/14/55,US Citizen,No,White,11-07-11,05/17/14,military,39,Search Engine - Google Bing Yahoo,3.13,3,0,,
"Gilles, Alex",1008020960,1,1,2,6,5,2,1,15,,19,MA,2062,08-09-74,US Citizen,No,Black or African American,04-02-12,06/25/15,military,39,Diversity Job Fair,3.97,4,0,,
"Harrington, Christie ",1110029602,0,3,1,6,5,3,0,19.75,,19,MA,2324,08/18/52,US Citizen,No,White,01-09-12,12/15/15,retiring,39,Monster.com,4.64,4,0,,
"Kinsella, Kathleen  ",710007401,1,1,1,6,5,3,0,22,,19,MA,2170,12-08-73,US Citizen,No,White,9/26/2011,06-04-15,more money,39,Search Engine - Google Bing Yahoo,3.6,5,0,,
"Lynch, Lindsay",1001138521,0,3,1,6,5,4,1,19,,19,MA,1844,02/14/73,US Citizen,Yes,Two or more races,11-07-11,11/14/15,Another position,39,Diversity Job Fair,5,4,0,,
"Ndzi, Colombui",1204033041,0,3,2,6,5,3,1,18,,19,MA,2110,05-02-89,US Citizen,No,Black or African American,9/26/2011,04-04-14,return to school,39,Diversity Job Fair,2.61,3,0,,
"Pelech, Emil",1307060058,0,3,2,6,5,2,0,24,,19,MA,2458,03/17/88,US Citizen,No,Black or African American,01-10-11,12/28/12,career change,39,Search Engine - Google Bing Yahoo,3.54,5,0,,
"Rivera, Haley  ",1405067642,1,1,1,1,5,4,0,22,,19,MA,2171,01-12-73,US Citizen,No,Asian,11/28/2011,,N/A - still employed,39,Search Engine - Google Bing Yahoo,4.36,5,0,02-11-19,0
"Sewkumar, Nori",807010161,0,3,1,4,5,3,0,15.2,,19,MA,2191,03-10-75,US Citizen,No,Asian,9/30/2013,,N/A - still employed,39,Search Engine - Google Bing Yahoo,5,5,0,2/21/2019,0
"Tavares, Desiree  ",1405067501,1,1,1,6,5,3,1,15,,19,MA,1801,04-03-75,Non-Citizen,No,Two or more races,4/27/2009,04-01-13,Another position,39,Diversity Job Fair,2.52,5,0,,
"Whittier, Scott",1307060212,0,3,2,6,5,3,0,23,,19,MA,2030,05/24/87,US Citizen,Yes,White,01-10-11,05/15/11,hours,39,Newspager/Magazine,5,5,0,,
"Burke, Joelle",1011022820,0,3,1,1,5,3,0,25,,20,MA,2148,03-02-80,US Citizen,No,Black or African American,03-05-12,,N/A - still employed,11,Employee Referral,4.51,4,0,2/21/2019,0
"Fitzpatrick, Michael  J",1109029103,0,3,2,6,5,3,0,29,,20,MA,2143,10-01-81,US Citizen,Yes,White,5/16/2011,06/24/13,hours,11,Social Networks - Facebook Twitter etc,4.76,5,0,,
"Huynh, Ming",1306058509,0,2,1,6,5,3,0,23,,20,MA,1742,09/22/76,US Citizen,No,White,2/21/2011,04-01-13,unhappy,11,Search Engine - Google Bing Yahoo,3.72,3,0,,
"Mancuso, Karen",1304055986,1,1,1,6,5,3,0,23,,20,MA,2176,12-10-86,US Citizen,No,Two or more races,07-05-11,08/19/11,Another position,11,Newspager/Magazine,5,4,0,,
"Pelletier, Ermine",1202031821,1,1,1,6,5,2,0,28,,20,MA,2472,07/18/89,US Citizen,No,Asian,07-05-11,09/15/11,unhappy,11,Monster.com,1.03,5,0,,
"Trzeciak, Cybil",1107027551,0,3,1,6,5,3,0,22,,20,MA,1778,03/15/85,US Citizen,No,White,01-10-11,07-02-12,unhappy,11,Vendor Referral,1.3,3,0,,
"Cloninger, Jennifer",1012023226,1,1,1,6,5,3,0,25,,20,MA,1752,08/31/81,US Citizen,No,White,5/16/2011,01-07-13,unhappy,12,Word of Mouth,1.16,5,0,,
"Gonzalez, Juan",1411071324,1,1,2,6,5,1,1,29,,20,MA,2128,10-12-64,US Citizen,No,Black or African American,4/26/2010,05/30/11,career change,12,Diversity Job Fair,4.35,3,0,,
"Johnston, Yen",1306057810,0,3,1,1,5,4,0,25,,20,MA,2128,09-08-69,US Citizen,No,White,07-07-14,,N/A - still employed,12,Professional Society,1.51,3,0,01-11-19,0
"Miller, Ned",1205033439,0,3,2,6,5,1,0,25,,20,MA,2472,06/29/85,US Citizen,No,White,8/15/2011,09-04-14,unhappy,12,MBTA ads,5,2,0,,
"Petingill, Shana  ",1103024843,1,1,1,1,5,3,0,26,,20,MA,2050,03-10-79,Eligible NonCitizen,No,Asian,04-02-12,,N/A - still employed,12,MBTA ads,2.61,3,0,1/14/2019,0
"Winthrop, Jordan  ",1405067188,0,3,2,6,5,4,0,29,,20,MA,2045,11-07-58,US Citizen,No,White,01-07-13,02/21/16,retiring,12,Professional Society,1.67,3,0,,
"Close, Phil",1209048697,1,1,2,6,5,3,0,26,,20,MA,2169,11/25/78,US Citizen,No,White,8/30/2010,09/26/11,career change,14,Other,1.3,4,0,,
"Good, Susan",1001549006,1,1,1,4,5,3,0,24.25,,20,MA,1886,05/25/86,US Citizen,No,White,05-12-14,,N/A - still employed,14,Professional Society,2.04,3,0,02-07-19,0
"Langford, Lindsey",1010022030,0,2,1,6,5,3,0,22,,20,MA,2090,07/25/79,US Citizen,No,Asian,01-07-13,03/31/14,Another position,14,Glassdoor,4.52,3,0,,
"Monkfish, Erasumus",1404066711,1,1,2,1,5,3,0,27,,20,MA,1450,08/17/92,US Citizen,No,White,11-07-11,,N/A - still employed,14,Professional Society,2.67,3,0,01-08-19,0
"Roberson, May",1402065340,0,2,1,6,5,3,0,26,,20,MA,1902,09-05-81,Eligible NonCitizen,No,White,9/26/2011,10/22/11,return to school,14,Search Engine - Google Bing Yahoo,2.19,4,0,,
"Wolk, Hang  T",1205033180,0,3,1,1,5,3,0,22,,20,MA,2302,04/20/85,US Citizen,No,White,9/29/2014,,N/A - still employed,14,Newspager/Magazine,3.4,4,0,2/21/2019,0
"Bondwell, Betsy",1008021030,0,3,1,6,5,3,0,26,,20,MA,2210,01/16/67,US Citizen,No,White,01-10-11,04-04-14,career change,16,Search Engine - Google Bing Yahoo,1.38,5,0,,
"Faller, Megan ",1108028428,1,1,1,1,5,3,0,27,,20,MA,1824,09/22/78,US Citizen,No,Black or African American,07-07-14,,N/A - still employed,16,Professional Society,1.49,5,0,2/22/2019,0
"Hunts, Julissa",1106026433,0,3,1,3,5,3,0,25,,20,MA,2021,03-11-84,US Citizen,No,White,06-06-16,,N/A - Has not started yet,16,Vendor Referral,2.92,5,0,1/18/2019,0
"Lunquist, Lisa",1001504432,0,3,1,1,5,4,0,26.1,,20,MA,2324,03/28/82,US Citizen,No,Black or African American,8/19/2013,,N/A - still employed,16,Glassdoor,1.64,4,0,02-12-19,0
"Nowlan, Kristie",1104025435,0,3,1,1,5,3,0,26.39,,20,MA,1040,11/23/85,US Citizen,No,White,11-10-14,,N/A - still employed,16,Glassdoor,4.53,5,0,1/16/2019,0
"Smith, Joe",1001970770,0,3,2,1,5,4,0,22,,20,MA,2045,10/30/63,US Citizen,No,White,9/29/2014,,N/A - still employed,16,Pay Per Click - Google,2.41,3,0,1/28/2019,0
"Tejeda, Lenora ",1406068345,1,1,1,6,5,3,0,28.75,,20,MA,2129,05/24/53,US Citizen,No,White,5/16/2011,07-08-12,Another position,16,Search Engine - Google Bing Yahoo,3.93,3,0,,
"Beak, Kimberly  ",1303054329,1,1,1,3,5,4,0,27,,20,MA,2145,04/17/66,US Citizen,No,White,7/21/2016,,N/A - Has not started yet,18,Employee Referral,2.7,3,0,1/14/2019,0
"Demita, Carla",1104025179,0,5,1,6,5,3,0,29,,20,MA,2343,02/25/51,US Citizen,No,Black or African American,04-04-11,11-04-15,more money,18,Search Engine - Google Bing Yahoo,4.62,5,0,,
"Hankard, Earnest",1307059937,0,3,2,1,5,3,0,24,,20,MA,2155,08-10-88,US Citizen,Yes,White,11-11-13,,N/A - still employed,18,Newspager/Magazine,5,3,0,01-08-19,0
"Hendrickson, Trina",1011022932,0,3,1,6,5,3,0,24,,20,MA,2021,08/27/72,US Citizen,No,White,01-10-11,02/18/13,hours,18,Monster.com,5,3,0,,
"Linden, Mathew",1405067565,1,1,2,4,5,3,0,22,,20,MA,1770,03/19/79,US Citizen,No,White,07-08-13,,N/A - still employed,18,Information Session,4,3,0,2/18/2019,0
"Moran, Patrick",1408069503,0,3,2,4,5,3,1,26,,20,MA,2127,12-03-76,US Citizen,No,Hispanic,01-09-12,,N/A - still employed,18,Diversity Job Fair,2.5,4,0,1/31/2019,0
"Sahoo, Adil",1106026462,1,1,2,1,5,3,0,29,,20,MA,2062,04/26/86,US Citizen,No,White,8/30/2010,,N/A - still employed,18,Monster.com,2.08,3,0,01-10-19,0
"Burkett, Benjamin ",1301052449,1,1,2,1,5,3,0,26,,20,MA,1890,08/19/77,US Citizen,No,White,04-04-11,,N/A - still employed,19,Careerbuilder,3.25,5,0,1/14/2019,0
"Foreman, Tanya",1012023204,1,1,1,6,5,3,0,24,,20,MA,2170,11-08-83,US Citizen,No,White,04-04-11,01-09-12,career change,19,Word of Mouth,3.66,3,0,,
"Jeannite, Tayana",1008020942,0,2,1,1,5,4,0,22.5,,20,MA,1821,11-06-86,US Citizen,No,American Indian or Alaska Native,07-05-11,,N/A - still employed,19,MBTA ads,4.6,4,0,2/25/2019,0
"McCarthy, Brigit",1406067957,0,3,1,1,5,3,0,26,,20,MA,2149,05/21/87,US Citizen,No,White,3/30/2015,,N/A - still employed,19,Newspager/Magazine,5,5,0,02-07-19,0
"Peters, Lauren",1411071406,1,1,1,6,5,4,0,29,,20,MA,1886,08/17/86,US Citizen,No,White,5/16/2011,02-04-12,more money,19,Pay Per Click - Google,1.79,5,0,,
"Walker, Roger",1011022818,0,3,2,1,5,3,0,22,,20,MA,2459,02-10-76,US Citizen,No,Black or African American,8/18/2014,,N/A - still employed,19,Employee Referral,3.11,5,0,02-12-19,0
"Akinkuolie, Sarah",1005019209,1,1,1,6,5,3,0,29,,20,MA,1810,09/19/88,US Citizen,No,White,07-05-11,09/24/12,hours,20,Newspager/Magazine,3.02,3,0,,
"Davis, Daniel",1201031274,0,3,2,1,5,3,0,25,,20,MA,2458,09/14/79,Eligible NonCitizen,No,Two or more races,11-07-11,,N/A - still employed,20,Newspager/Magazine,3.96,4,0,2/27/2019,0
"Gosciminski, Phylicia  ",1108028351,0,5,1,4,5,3,0,27,,20,MA,1824,12-08-83,US Citizen,No,American Indian or Alaska Native,9/30/2013,,N/A - still employed,20,Word of Mouth,2.57,5,0,2/21/2019,0
"Latif, Mohammed",1104025486,1,1,2,6,5,3,0,28,,20,MA,2126,05-09-84,US Citizen,No,White,04-02-12,04/15/13,more money,20,Word of Mouth,1.84,3,0,,
"Monterro, Luisa",1001103149,0,3,1,1,5,4,0,25,,20,MA,2126,04/24/70,US Citizen,No,Black or African American,5/13/2013,,N/A - still employed,20,Billboard,2.55,3,0,1/14/2019,0
"Robertson, Peter",1499902991,1,1,2,6,5,3,0,22,,20,MA,2138,07-03-72,US Citizen,No,White,07-05-11,02-08-12,Another position,20,Glassdoor,2.48,5,0,,
"Woodson, Jason",1012023010,0,3,2,1,5,3,0,24.25,,20,MA,1810,05-11-85,US Citizen,No,White,07-07-14,,N/A - still employed,20,Vendor Referral,4.07,4,0,2/28/2019,0
"Blount, Dianna",1403066125,0,3,1,1,5,2,0,27,,20,MA,2171,09/21/90,US Citizen,No,White,04-04-11,,N/A - still employed,22,Monster.com,1.16,3,0,2/27/2019,0
"Erilus, Angela",1105025661,0,5,1,1,5,1,0,24,,20,MA,2133,08/25/89,US Citizen,No,White,07-07-14,,N/A - still employed,22,Pay Per Click - Google,4.59,1,0,2/25/2019,0
"Homberger, Adrienne  J",1207046956,1,1,1,6,5,3,0,28,,20,MA,2445,02/16/84,Non-Citizen,No,White,8/15/2011,04-07-12,relocation out of area,22,Glassdoor,3.03,5,0,,
"Lundy, Susan",1305056276,0,4,1,6,5,3,0,24,,20,MA,2122,12/26/76,US Citizen,No,White,07-08-13,09/15/13,more money,22,On-campus Recruiting,4.65,4,0,,
"Moumanil, Maliki ",1301052436,0,5,2,1,5,3,0,29,,20,MA,1460,12-01-74,US Citizen,No,Black or African American,5/13/2013,,N/A - still employed,22,On-campus Recruiting,4.29,5,0,1/28/2019,0
"Sloan, Constance",1012023103,0,3,1,6,5,3,0,23,,20,MA,1851,11/25/87,US Citizen,No,White,10/26/2009,04-08-15,maternity leave - did not return,22,Monster.com,4.68,4,0,,
"Buccheri, Joseph  ",1101023457,0,3,2,1,5,3,0,22,,20,MA,1013,07/28/83,US Citizen,No,White,9/29/2014,,N/A - still employed,39,Word of Mouth,3.19,3,0,02-01-19,0
"Fancett, Nicole",1402065085,0,3,1,1,5,3,0,24,,20,MA,2324,09/27/87,US Citizen,No,Black or African American,2/17/2014,,N/A - still employed,39,Newspager/Magazine,4,4,0,01-07-19,0
"Hutter, Rosalie",1103024924,0,5,1,3,5,3,0,28,,20,MA,2351,05-07-92,US Citizen,No,White,06-05-15,,N/A - Has not started yet,39,Other,2.63,3,0,2/14/2019,0
"Manchester, Robyn",1110029623,1,1,1,3,5,3,0,23,,20,MA,2324,08/25/76,US Citizen,No,White,05-11-16,,N/A - Has not started yet,39,Vendor Referral,5,3,0,1/21/2019,0
"Oliver, Brooke ",1001856521,1,1,1,6,5,3,0,25,,20,MA,2492,02-11-52,US Citizen,No,Asian,5/14/2012,08/19/13,unhappy,39,Newspager/Magazine,5,3,0,,
"Thibaud, Kenneth",1011022777,0,4,2,6,5,3,0,23,,20,MA,2472,09/16/75,US Citizen,No,White,6/25/2007,08/30/10,military,39,Pay Per Click - Google,1.37,4,0,,
"Daneault, Lynn",1402065303,0,3,1,1,6,3,0,54,,21,VT,5473,04/19/90,US Citizen,No,White,05-05-14,,N/A - still employed,15,Pay Per Click - Google,4.62,4,0,1/24/2019,0
"Kampew, Donysha",1109029264,0,3,1,6,6,3,0,60.25,,21,PA,19444,11-11-89,US Citizen,No,White,11-07-11,04/24/14,maternity leave - did not return,15,Social Networks - Facebook Twitter etc,1.9,5,0,,
"Smith, John",1499902910,0,2,2,1,6,2,1,56,,21,MA,1886,08/16/84,US Citizen,No,Black or African American,5/18/2014,,N/A - still employed,15,Diversity Job Fair,1.62,4,0,1/16/2019,0
"Le, Binh",1009919930,0,3,1,1,3,3,0,50.25,,22,MA,1886,06/14/87,US Citizen,No,Asian,10-02-16,,N/A - still employed,13,Indeed,2.09,5,7,01-08-19,0
"Navathe, Kurt",1009919960,0,3,2,1,3,3,0,52.25,,22,MA,2056,04/25/70,US Citizen,No,Asian,02-10-17,,N/A - still employed,13,Indeed,5,3,6,2/25/2019,0
"Wang, Charlie",1009919970,0,3,2,1,3,3,0,51,,22,MA,1887,07-08-81,US Citizen,No,Asian,2/15/2017,,N/A - still employed,13,Indeed,3.42,4,7,01-04-19,0
"LeBlanc, Brandon  R",1102024115,1,1,2,1,1,3,0,55,,23,MA,1460,06-10-84,US Citizen,No,White,01-05-16,,N/A - still employed,2,Monster.com,1.95,4,0,1/28/2019,0
"Quinn, Sean",1206043417,1,1,2,6,1,3,1,55,,23,MA,2045,11-06-84,Eligible NonCitizen,No,Black or African American,2/21/2011,08/15/15,career change,2,Diversity Job Fair,4.15,4,0,,
"Andreola, Colby",1107027358,0,3,1,1,4,3,0,47.6,,24,MA,2110,05/24/79,US Citizen,No,White,11-10-14,,N/A - still employed,10,Vendor Referral,3.04,3,4,01-02-19,0
"Carabbio, Judith",1101023577,0,3,1,1,4,3,0,56,,24,MA,2132,04-05-87,US Citizen,No,White,11-11-13,,N/A - still employed,10,Pay Per Click - Google,4.96,4,6,1/30/2019,0
"Del Bosque, Keyla",1203032498,0,3,1,1,4,3,0,57.12,,24,MA,2176,07-05-79,US Citizen,No,Black or African American,01-09-12,,N/A - still employed,10,Monster.com,3.79,5,5,1/25/2019,0
"Exantus, Susan",1401064670,1,1,1,2,4,2,0,48.5,,24,MA,1749,05/15/87,US Citizen,No,Black or African American,05-02-11,06-05-13,attendance,10,Billboard,2.55,5,4,,
"Martin, Sandra",1303054625,0,3,1,1,4,3,0,55.51,,24,MA,2135,11-07-87,US Citizen,No,Asian,11-11-13,,N/A - still employed,10,Search Engine - Google Bing Yahoo,1.53,5,4,1/14/2019,0
"Patronick, Luke",1112030979,0,3,2,6,4,4,1,52.25,,24,MA,1844,02/20/79,US Citizen,No,Asian,11-07-11,09-07-15,Another position,10,Diversity Job Fair,1.1,5,3,,
"Saada, Adell",1012023185,1,1,1,1,4,3,0,49.25,,24,MA,2132,07/24/86,US Citizen,No,White,11-05-12,,N/A - still employed,10,Pay Per Click - Google,1.74,3,6,2/13/2019,0
"Szabo, Andrew",1201031324,0,3,2,1,4,4,0,48,,24,MA,2140,05-06-83,US Citizen,No,White,07-07-14,,N/A - still employed,10,MBTA ads,2.61,5,5,2/18/2019,0
"True, Edward",1102024057,0,3,2,6,4,3,1,45.42,,24,MA,2451,06/14/83,Non-Citizen,No,Black or African American,2/18/2013,04/15/14,medical issues,10,Diversity Job Fair,1.11,3,4,,
"Sweetwater, Alex",1001644719,0,3,2,1,4,3,0,27,,25,MA,2184,11/22/66,US Citizen,No,White,8/15/2011,,N/A - still employed,5,Search Engine - Google Bing Yahoo,3.84,3,5,1/21/2019,0
"Foster-Baker, Amy",1201031308,1,1,1,1,1,3,0,34.95,,26,MA,2050,04/16/79,US Citizen,no,White,01-05-09,,N/A - still employed,9,Other,5,3,2,02-08-19,0
"Boutwell, Bonalyn",1307060188,1,1,1,1,1,3,1,34.95,,26,MA,2468,04-04-87,US Citizen,No,Asian,2/16/2015,,N/A - still employed,1,Diversity Job Fair,5,4,3,2/18/2019,0
"Ait Sidi, Karthikeyan   ",1307060199,1,1,2,6,3,3,0,62,,27,MA,2148,05-05-75,US Citizen,No,White,3/30/2015,06/16/16,career change,4,Company Intranet - Partner,4.96,3,6,,
"Carr, Claudia  N",1010022337,0,3,1,3,3,3,0,61.3,,27,MA,1886,06-06-86,US Citizen,No,Black or African American,6/30/2016,,N/A - Has not started yet,4,Vendor Referral,5,5,6,2/18/2019,0
"Favis, Donald  ",1412071562,0,3,2,2,3,3,0,58.2,,30,CT,6033,07/30/64,US Citizen,No,Black or African American,2/17/2014,02/19/16,hours,4,Vendor Referral,2.94,5,7,,
"Roehrich, Bianca",1111030266,0,3,1,6,3,3,0,58.5,,29,MA,2703,05/27/73,US Citizen,Yes,White,01-05-15,11-10-15,Another position,4,Vendor Referral,3.88,3,7,,
"Daniele, Ann  ",1411071312,1,1,1,4,3,3,0,54.1,,28,CT,6033,01/18/52,US Citizen,No,White,11-10-14,,N/A - still employed,7,Vendor Referral,1.55,5,8,02-12-19,0
"Lajiri,  Jyoti",1108028108,1,1,2,4,3,3,0,56.2,,28,MA,2169,04/23/86,US Citizen,No,White,11-10-14,,N/A - still employed,7,Employee Referral,4.46,5,6,01-07-19,0
"Semizoglou, Jeremiah  ",904013591,1,1,2,3,3,3,0,53.8,,28,MA,1545,02-09-83,US Citizen,No,Asian,6/30/2016,,N/A - Has not started yet,7,On-campus Recruiting,3.27,4,5,1/14/2019,0
"South, Joe",1308060959,0,3,2,1,3,3,0,53,,28,CT,6278,09-09-65,US Citizen,No,White,11-10-14,,N/A - still employed,7,Employee Referral,5,3,4,01-02-19,0
"Warfield, Sarah",1301052347,0,4,1,1,3,3,0,55.2,,28,MA,2453,05-02-78,US Citizen,No,Asian,3/30/2015,,N/A - still employed,7,Employee Referral,1.06,4,8,02-05-19,0
